{"stats":{"minecraft:crafted":{"minecraft:oak_planks":320,"minecraft:smooth_stone":3,"minecraft:cooked_chicken":3,"minecraft:stone":15,"sophisticatedbackpacks:crafting_upgrade":1,"minecraft:cooked_mutton":22,"minecraft:diamond_leggings":2,"minecraft:diamond_helmet":2,"minecraft:chest":4,"minecraft:stone_bricks":4,"chisel:diamond_chisel":1,"chiselsandbits:chisel_stone":4,"sophisticatedbackpacks:backpack":3,"minecraft:cooked_porkchop":58,"minecraft:diamond_axe":1,"minecraft:crafting_table":25,"minecraft:spruce_planks":4,"minecraft:wooden_pickaxe":3,"minecraft:smithing_table":1,"sophisticatedbackpacks:upgrade_base":1,"minecraft:diamond_pickaxe":4,"minecraft:shield":2,"sophisticatedbackpacks:diamond_backpack":3,"minecraft:stick":76,"minecraft:stone_slab":6,"minecraft:iron_ingot":285,"minecraft:iron_pickaxe":8,"minecraft:stone_sword":1,"minecraft:gold_ingot":33,"iceandfire:stymphalian_feather_bundle":1,"byg:jacaranda_planks":20,"minecraft:wooden_sword":1,"minecraft:stone_shovel":1,"minecraft:smooth_stone_slab":6,"minecraft:furnace":9,"minecraft:bone_meal":15,"chiselsandbits:chiseled_printer":1,"minecraft:stone_pickaxe":2,"minecraft:diamond_boots":2,"spartanshields:shield_tower_wood":1,"minecraft:wheat":9,"sophisticatedbackpacks:iron_backpack":3,"minecraft:cooked_beef":67,"byg:soapstone_bricks":4,"minecraft:diamond_sword":1,"sophisticatedbackpacks:gold_backpack":3,"minecraft:bucket":2,"minecraft:stone_axe":1,"minecraft:bread":25,"minecraft:air":0,"minecraft:oak_boat":4,"minecraft:golden_apple":1,"chiselsandbits:chisel_iron":1,"minecraft:wooden_axe":1,"chisel:hitech_chisel":1,"minecraft:white_bed":4,"byg:polished_soapstone":8,"spartanshields:shield_tower_diamond":1,"minecraft:torch":84,"minecraft:diamond_chestplate":2},"minecraft:used":{"chiselsandbits:chiseled_printer":1,"minecraft:shield":176,"minecraft:mutton":5,"minecraft:lava_bucket":4,"minecraft:oak_sapling":1,"minecraft:furnace":10,"minecraft:egg":1,"minecraft:potato":5,"spartanweaponry:glaive_iron":269,"minecraft:diorite":23,"minecraft:stone_pickaxe":213,"minecraft:oak_planks":59,"minecraft:wooden_pickaxe":11,"minecraft:diamond_axe":778,"iceandfire:podium_spruce":1,"minecraft:sand":1,"byg:flowering_indigo_jacaranda_bush":1,"sophisticatedbackpacks:backpack":1,"minecraft:bread":13,"minecraft:diamond_sword":925,"minecraft:wooden_sword":45,"byg:jacaranda_sapling":6,"minecraft:smithing_table":1,"minecraft:andesite":9,"minecraft:oak_boat":20,"minecraft:coarse_dirt":9,"minecraft:bone_meal":15,"minecraft:cobweb":1,"byg:indigo_jacaranda_sapling":2,"minecraft:oak_fence":1,"minecraft:stone_shovel":133,"byg:soapstone_bricks":1,"iceandfire:silver_ore":1,"minecraft:torch":80,"minecraft:dirt":159,"minecraft:wooden_axe":43,"minecraft:basalt":78,"minecraft:beef":3,"minecraft:cooked_beef":5,"minecraft:wheat_seeds":61,"minecraft:baked_potato":5,"byg:rocky_stone":2,"byg:indigo_jacaranda_bush":1,"minecraft:crafting_table":29,"minecraft:white_bed":24,"minecraft:diamond_pickaxe":5654,"minecraft:iron_pickaxe":2253,"byg:soapstone":5,"spartanshields:shield_tower_diamond":485,"minecraft:stone_axe":159,"minecraft:cobblestone":547,"minecraft:porkchop":5,"minecraft:cooked_porkchop":67,"byg:scoria_cobblestone":4,"minecraft:bucket":5},"minecraft:dropped":{"byg:blueberries":2,"minecraft:cooked_beef":31,"minecraft:diamond":56,"minecraft:crafting_table":1,"minecraft:orange_tulip":1,"minecraft:item_frame":1,"minecraft:dirt":46,"minecraft:cornflower":3,"minecraft:gold_nugget":18,"minecraft:sunflower":3,"minecraft:phantom_membrane":1,"minecraft:sand":1,"minecraft:white_wool":1,"minecraft:bone":24,"minecraft:gravel":1,"minecraft:white_tulip":2,"minecraft:stone_axe":1,"minecraft:wheat":1,"minecraft:rotten_flesh":13,"minecraft:oak_planks":7,"minecraft:azure_bluet":2,"minecraft:poppy":1,"byg:rocky_stone":92,"byg:tiny_lilypads":5,"iceandfire:bestiary":1,"minecraft:iron_ore":31,"minecraft:arrow":13,"iceandfire:manuscript":16,"minecraft:firework_rocket":1,"minecraft:stripped_spruce_log":2,"minecraft:wheat_seeds":13,"minecraft:cobblestone":1048,"minecraft:andesite_wall":1,"minecraft:granite":60,"minecraft:stick":13,"byg:cattail":5,"iceandfire:podium_spruce":1,"minecraft:diorite":129,"iceandfire:copper_nugget":3,"minecraft:torch":47,"byg:soapstone":48,"minecraft:paper":6,"minecraft:string":1,"minecraft:bucket":1,"minecraft:redstone":122,"minecraft:stone_sword":1,"spartanweaponry:glaive_iron":1,"minecraft:white_carpet":4,"minecraft:spruce_fence":1,"minecraft:lily_of_the_valley":8,"minecraft:diamond_sword":1,"minecraft:spruce_planks":2,"byg:aspen_sapling":2,"minecraft:andesite":52,"minecraft:oak_boat":1,"minecraft:oak_sapling":4,"minecraft:bamboo":57,"minecraft:stone_pickaxe":2,"minecraft:wooden_pickaxe":1,"minecraft:red_tulip":5},"minecraft:picked_up":{"minecraft:wheat":65,"iceandfire:copper_ore":11,"byg:flowering_indigo_jacaranda_bush":1,"minecraft:diamond_sword":1,"born_in_chaos_v1:black_argillite":112,"iceandfire:manuscript":1,"minecraft:string":13,"minecraft:gold_nugget":18,"minecraft:bucket":1,"minecraft:spruce_planks":5,"minecraft:white_tulip":1,"byg:holly_berries":1,"minecraft:iron_pickaxe":2,"iceandfire:frozen_gravel":2,"minecraft:furnace":4,"minecraft:stick":13,"born_in_chaos_v1:shattered_skull":1,"byg:reeds":1,"minecraft:jukebox":1,"minecraft:oak_fence":1,"minecraft:torch":43,"minecraft:spruce_stairs":1,"iceandfire:silver_ore":22,"minecraft:porkchop":93,"minecraft:diorite":265,"byg:cattail":6,"byg:aspen_sapling":2,"minecraft:rotten_flesh":23,"minecraft:red_tulip":1,"byg:soapstone_bricks":1,"artifacts:panic_necklace":1,"minecraft:obsidian":6,"minecraft:iron_bars":3,"minecraft:snowball":19,"minecraft:cobblestone":3902,"minecraft:feather":8,"minecraft:cooked_beef":5,"minecraft:andesite":390,"minecraft:potato":1,"minecraft:flint":9,"byg:willow_sapling":1,"minecraft:lapis_lazuli":71,"minecraft:dirt":340,"born_in_chaos_v1:monster_skin":1,"minecraft:bone":56,"minecraft:bow":1,"minecraft:wheat_seeds":144,"minecraft:orange_tulip":1,"byg:blueberries":2,"minecraft:bamboo":45,"minecraft:oak_planks":78,"byg:indigo_jacaranda_bush":1,"minecraft:cooked_porkchop":2,"iceandfire:podium_spruce":2,"minecraft:sand":2,"minecraft:stripped_spruce_log":4,"iceandfire:stymphalian_bird_feather":13,"born_in_chaos_v1:fire_dust":1,"minecraft:diamond":317,"iceandfire:lectern":1,"minecraft:granite":223,"minecraft:spruce_sign":1,"minecraft:emerald":7,"minecraft:jack_o_lantern":1,"minecraft:oak_sapling":4,"iceandfire:silver_nugget":6,"iceandfire:copper_ingot":5,"minecraft:charcoal":2,"minecraft:coarse_dirt":14,"minecraft:crafting_table":7,"byg:soapstone":208,"minecraft:azure_bluet":1,"byg:holly_sapling":2,"minecraft:chicken":3,"born_in_chaos_v1:seedof_chaos":1,"byg:indigo_jacaranda_sapling":2,"byg:tiny_lilypads":11,"iceandfire:sea_serpent_scales_blue":11,"iceandfire:frozen_splinters":1,"minecraft:item_frame":5,"minecraft:white_carpet":4,"iceandfire:bestiary":2,"minecraft:beef":96,"minecraft:oak_boat":19,"born_in_chaos_v1:gnawed_bones":1,"minecraft:poppy":1,"minecraft:spruce_slab":1,"minecraft:sugar_cane":23,"minecraft:phantom_membrane":2,"minecraft:egg":2,"minecraft:spruce_fence":2,"sophisticatedbackpacks:backpack":1,"born_in_chaos_v1:pieceofdarkmetal":2,"minecraft:carrot":12,"minecraft:redstone":348,"minecraft:tnt":10,"minecraft:arrow":26,"minecraft:stone_shovel":1,"born_in_chaos_v1:diamond_thermite_shard":7,"minecraft:hay_block":1,"minecraft:mutton":34,"byg:rocky_stone":140,"minecraft:white_wool":20,"minecraft:basalt":82,"byg:jacaranda_sapling":6,"iceandfire:sea_serpent_fang":9,"byg:japanese_orchid":1,"minecraft:leather":64,"minecraft:lily_pad":21,"minecraft:oak_log":80,"minecraft:gunpowder":3,"minecraft:cooked_mutton":1,"byg:pink_cherry_foliage":1,"byg:scoria_cobblestone":622,"minecraft:apple":1,"minecraft:iron_ingot":13,"minecraft:stone_pickaxe":1,"minecraft:iron_ore":534,"byg:jacaranda_log":453,"minecraft:iron_sword":1,"minecraft:dark_oak_stairs":1,"minecraft:book":1,"chiselsandbits:chiseledrock":1,"iceandfire:copper_nugget":3,"byg:mud_ball":4,"minecraft:sweet_berries":4,"aquaculture:piranha":1,"minecraft:gravel":48,"minecraft:white_bed":21,"minecraft:spruce_log":1,"minecraft:gold_ore":278,"minecraft:spider_eye":4,"minecraft:firework_rocket":2,"minecraft:pumpkin_seeds":13,"byg:cherry_log":11,"minecraft:baked_potato":5,"minecraft:black_wool":1,"minecraft:dark_oak_wood":1,"minecraft:coal":508,"minecraft:sunflower":6},"minecraft:killed_by":{"minecraft:creeper":1,"iceandfire:ice_dragon":2,"minecraft:vex":1,"born_in_chaos_v1:restless_spirit":3,"minecraft:spider":1,"born_in_chaos_v1:decaying_zombie":1,"iceandfire:gorgon":10,"minecraft:skeleton":2,"born_in_chaos_v1:dread_hound":2},"minecraft:killed":{"aquaculture:piranha":1,"minecraft:spider":6,"iceandfire:stymphalian_bird":2,"born_in_chaos_v1:scarlet_persecutor":1,"minecraft:skeleton":9,"minecraft:chicken":3,"aquaculture:perch":1,"artifacts:mimic":1,"born_in_chaos_v1:bonescaller":1,"minecraft:pig":43,"minecraft:sheep":22,"minecraft:zombie":8,"born_in_chaos_v1:dread_hound":5,"born_in_chaos_v1:diamond_thermite":9,"born_in_chaos_v1:zombieswith_door_n":1,"iceandfire:sea_serpent":1,"minecraft:cow":49,"born_in_chaos_v1:baby_skeleton":2,"born_in_chaos_v1:wither_strider":2,"born_in_chaos_v1:decrepit_skeleton":6,"iceandfire:ghost":3,"born_in_chaos_v1:baby_skkl":3},"minecraft:custom":{"minecraft:interact_with_crafting_table":102,"minecraft:open_barrel":9,"minecraft:leave_game":17,"minecraft:time_since_death":47278,"minecraft:sprint_one_cm":962170,"minecraft:damage_blocked_by_shield":7197,"minecraft:drop":130,"minecraft:talked_to_villager":42,"minecraft:deaths":27,"minecraft:jump":8337,"minecraft:walk_on_water_one_cm":85003,"minecraft:interact_with_furnace":215,"minecraft:play_one_minute":754316,"minecraft:sleep_in_bed":32,"minecraft:damage_dealt":25150,"minecraft:crouch_one_cm":73406,"minecraft:interact_with_smithing_table":5,"minecraft:mob_kills":189,"minecraft:interact_with_campfire":17,"minecraft:damage_dealt_resisted":534,"minecraft:climb_one_cm":8922,"minecraft:walk_one_cm":1241521,"minecraft:sneak_time":34251,"minecraft:walk_under_water_one_cm":22424,"minecraft:boat_one_cm":582145,"minecraft:interact_with_grindstone":1,"minecraft:time_since_rest":4089,"minecraft:damage_taken":2147483647,"minecraft:trigger_trapped_chest":3,"minecraft:swim_one_cm":96137,"minecraft:fly_one_cm":1571746,"minecraft:open_chest":79,"minecraft:fall_one_cm":217554},"minecraft:mined":{"minecraft:spruce_planks":4,"minecraft:white_bed":20,"byg:yellow_daffodil":1,"byg:cattail":4,"minecraft:obsidian":6,"byg:willow_leaves":2,"minecraft:granite":227,"minecraft:grass_block":43,"iceandfire:lectern":1,"minecraft:spawner":1,"minecraft:iron_ore":542,"minecraft:azure_bluet":1,"minecraft:dark_oak_stairs":1,"byg:indigo_jacaranda_leaves":53,"minecraft:red_tulip":1,"iceandfire:gold_pile":3,"minecraft:iron_bars":3,"byg:soapstone_bricks":1,"minecraft:spruce_slab":2,"byg:white_cherry_foliage":1,"minecraft:torch":6,"minecraft:dark_oak_wood":1,"minecraft:poppy":2,"minecraft:cobblestone":33,"byg:pine_leaves":3,"minecraft:oak_planks":20,"minecraft:sugar_cane":13,"minecraft:wall_torch":24,"minecraft:seagrass":1,"byg:jacaranda_leaves":117,"byg:soapstone":142,"minecraft:wheat":69,"minecraft:jukebox":1,"minecraft:orange_tulip":1,"minecraft:grass":233,"byg:indigo_jacaranda_bush":1,"minecraft:oak_log":80,"minecraft:beetroots":1,"byg:blueberry_bush":1,"minecraft:sand":2,"minecraft:dirt":196,"byg:aspen_leaves":3,"byg:pink_cherry_foliage":1,"minecraft:netherrack":1,"minecraft:oak_leaves":17,"minecraft:diamond_ore":317,"iceandfire:silver_ore":22,"byg:water_silk":21,"byg:mud_block":1,"born_in_chaos_v1:infected_diamond_ore":3,"minecraft:allium":2,"minecraft:spruce_fence":2,"byg:jacaranda_log":481,"born_in_chaos_v1:black_argillite":115,"minecraft:spruce_leaves":2,"minecraft:large_fern":1,"minecraft:hay_block":1,"minecraft:redstone_ore":60,"minecraft:furnace":4,"minecraft:carrots":12,"iceandfire:copper_ore":11,"minecraft:andesite":424,"byg:flowering_jacaranda_leaves":29,"minecraft:stripped_spruce_log":3,"minecraft:potatoes":7,"minecraft:vine":2,"minecraft:packed_ice":5,"byg:rocky_stone":114,"minecraft:bamboo":16,"minecraft:stone":4298,"iceandfire:podium_spruce":1,"sophisticatedbackpacks:backpack":1,"byg:reeds":1,"byg:flowering_indigo_jacaranda_leaves":12,"byg:tiny_lilypads":3,"minecraft:basalt":88,"byg:wilted_grass":2,"minecraft:oak_fence":2,"byg:cherry_log":12,"minecraft:crafting_table":6,"minecraft:tall_grass":4,"minecraft:lapis_ore":11,"minecraft:lily_pad":1,"minecraft:diorite":270,"byg:japanese_orchid":1,"minecraft:spruce_stairs":1,"minecraft:coarse_dirt":14,"byg:scoria_stone":630,"minecraft:sweet_berry_bush":2,"minecraft:ice":4,"byg:short_grass":20,"minecraft:grass_path":1,"minecraft:coal_ore":463,"minecraft:sunflower":6,"minecraft:gravel":73,"minecraft:cobweb":8,"minecraft:stone_bricks":1,"minecraft:mossy_stone_bricks":2,"minecraft:gold_ore":225,"minecraft:fern":4},"minecraft:broken":{"minecraft:diamond_helmet":1,"minecraft:stone_pickaxe":1,"minecraft:diamond_boots":1,"minecraft:diamond_pickaxe":3,"minecraft:wooden_axe":1,"minecraft:stone_shovel":1,"minecraft:shield":2,"minecraft:iron_pickaxe":9}},"DataVersion":2586}