{"stats":{"minecraft:crafted":{"minecraft:oak_planks":320,"minecraft:smooth_stone":3,"minecraft:cooked_chicken":3,"minecraft:stone":15,"minecraft:diamond_shovel":1,"sophisticatedbackpacks:crafting_upgrade":1,"minecraft:cooked_mutton":47,"minecraft:diamond_leggings":2,"minecraft:diamond_helmet":2,"minecraft:chest":4,"minecraft:stone_bricks":4,"chisel:diamond_chisel":1,"chiselsandbits:chisel_stone":4,"sophisticatedbackpacks:backpack":3,"minecraft:cooked_porkchop":102,"minecraft:diamond_axe":1,"minecraft:crafting_table":25,"minecraft:spruce_planks":12,"minecraft:wooden_pickaxe":3,"minecraft:smithing_table":1,"sophisticatedbackpacks:upgrade_base":1,"minecraft:diamond_pickaxe":4,"minecraft:shield":2,"sophisticatedbackpacks:diamond_backpack":3,"minecraft:stick":88,"minecraft:stone_slab":6,"minecraft:iron_ingot":285,"minecraft:iron_pickaxe":8,"minecraft:stone_sword":1,"minecraft:gold_ingot":33,"iceandfire:stymphalian_feather_bundle":1,"byg:jacaranda_planks":20,"minecraft:wooden_sword":1,"minecraft:stone_shovel":1,"minecraft:smooth_stone_slab":6,"minecraft:furnace":11,"minecraft:bone_meal":15,"chiselsandbits:chiseled_printer":1,"minecraft:stone_pickaxe":2,"minecraft:diamond_boots":2,"spartanshields:shield_tower_wood":1,"minecraft:wheat":9,"sophisticatedbackpacks:iron_backpack":3,"minecraft:cooked_beef":101,"byg:soapstone_bricks":4,"minecraft:diamond_sword":1,"sophisticatedbackpacks:gold_backpack":3,"minecraft:bucket":3,"minecraft:stone_axe":1,"minecraft:bread":25,"minecraft:air":0,"minecraft:oak_boat":4,"minecraft:golden_apple":1,"chiselsandbits:chisel_iron":1,"minecraft:wooden_axe":1,"chisel:hitech_chisel":1,"minecraft:white_bed":7,"byg:polished_soapstone":8,"spartanshields:shield_tower_diamond":1,"minecraft:torch":116,"minecraft:diamond_chestplate":2},"minecraft:used":{"chiselsandbits:chiseled_printer":1,"minecraft:shield":176,"minecraft:mutton":5,"minecraft:lava_bucket":4,"minecraft:oak_sapling":1,"minecraft:furnace":12,"minecraft:egg":1,"minecraft:potato":5,"spartanweaponry:glaive_iron":269,"minecraft:diorite":23,"minecraft:stone_pickaxe":213,"minecraft:oak_planks":59,"minecraft:wooden_pickaxe":11,"minecraft:diamond_axe":803,"iceandfire:podium_spruce":1,"minecraft:sand":1,"byg:flowering_indigo_jacaranda_bush":1,"sophisticatedbackpacks:backpack":1,"minecraft:bread":13,"minecraft:diamond_sword":1189,"minecraft:wooden_sword":45,"byg:jacaranda_sapling":6,"minecraft:smithing_table":1,"minecraft:andesite":9,"minecraft:oak_boat":22,"minecraft:coarse_dirt":9,"minecraft:bone_meal":15,"minecraft:cobweb":1,"byg:indigo_jacaranda_sapling":2,"minecraft:oak_fence":1,"minecraft:stone_shovel":133,"byg:soapstone_bricks":1,"iceandfire:silver_ore":1,"minecraft:torch":107,"minecraft:dirt":175,"minecraft:wooden_axe":43,"minecraft:basalt":78,"minecraft:beef":3,"minecraft:cooked_beef":16,"minecraft:wheat_seeds":61,"minecraft:baked_potato":5,"byg:rocky_stone":2,"byg:indigo_jacaranda_bush":1,"minecraft:crafting_table":29,"minecraft:white_bed":28,"minecraft:diamond_pickaxe":5929,"minecraft:diamond_shovel":1133,"minecraft:iron_pickaxe":2253,"byg:soapstone":5,"spartanshields:shield_tower_diamond":541,"minecraft:stone_axe":159,"minecraft:cobblestone":547,"minecraft:porkchop":5,"minecraft:cooked_porkchop":69,"byg:scoria_cobblestone":4,"minecraft:bucket":5},"minecraft:dropped":{"byg:blueberries":2,"minecraft:cooked_beef":31,"minecraft:diamond":56,"minecraft:crafting_table":1,"minecraft:orange_tulip":1,"minecraft:item_frame":1,"minecraft:dirt":46,"minecraft:cornflower":3,"minecraft:gold_nugget":18,"minecraft:sunflower":3,"minecraft:phantom_membrane":1,"minecraft:sand":1,"minecraft:white_wool":1,"minecraft:bone":24,"minecraft:gravel":1,"minecraft:white_tulip":2,"minecraft:stone_axe":1,"minecraft:wheat":1,"minecraft:rotten_flesh":13,"minecraft:oak_planks":7,"minecraft:azure_bluet":2,"minecraft:white_bed":2,"minecraft:poppy":1,"byg:rocky_stone":92,"byg:tiny_lilypads":5,"iceandfire:bestiary":1,"minecraft:iron_ore":31,"minecraft:arrow":13,"iceandfire:manuscript":16,"minecraft:firework_rocket":1,"minecraft:stripped_spruce_log":2,"minecraft:wheat_seeds":13,"minecraft:cobblestone":1048,"minecraft:andesite_wall":1,"minecraft:granite":60,"minecraft:stick":13,"byg:cattail":5,"iceandfire:podium_spruce":1,"minecraft:diorite":129,"iceandfire:copper_nugget":3,"minecraft:torch":47,"byg:soapstone":48,"minecraft:paper":6,"minecraft:string":1,"minecraft:bucket":1,"minecraft:redstone":122,"minecraft:stone_sword":1,"spartanweaponry:glaive_iron":1,"minecraft:white_carpet":4,"minecraft:spruce_fence":1,"minecraft:lily_of_the_valley":8,"minecraft:diamond_sword":1,"minecraft:spruce_planks":2,"byg:aspen_sapling":2,"minecraft:andesite":52,"minecraft:oak_boat":1,"minecraft:oak_sapling":4,"minecraft:bamboo":57,"minecraft:stone_pickaxe":2,"minecraft:wooden_pickaxe":1,"minecraft:red_tulip":5},"minecraft:picked_up":{"minecraft:wheat":65,"iceandfire:copper_ore":15,"byg:flowering_indigo_jacaranda_bush":1,"minecraft:diamond_sword":1,"born_in_chaos_v1:black_argillite":112,"iceandfire:manuscript":1,"minecraft:string":17,"minecraft:gold_nugget":18,"minecraft:bucket":1,"minecraft:spruce_planks":5,"minecraft:white_tulip":1,"byg:holly_berries":1,"minecraft:iron_pickaxe":2,"iceandfire:frozen_gravel":2,"minecraft:furnace":4,"minecraft:stick":14,"born_in_chaos_v1:shattered_skull":2,"byg:reeds":1,"minecraft:jukebox":1,"minecraft:oak_fence":1,"chisel:limestone/raw":4,"minecraft:torch":46,"minecraft:spruce_stairs":1,"iceandfire:silver_ore":22,"minecraft:porkchop":114,"minecraft:diorite":272,"byg:cattail":6,"byg:aspen_sapling":2,"minecraft:rotten_flesh":30,"minecraft:red_tulip":1,"byg:soapstone_bricks":1,"artifacts:panic_necklace":1,"minecraft:obsidian":6,"minecraft:iron_bars":3,"minecraft:snowball":19,"minecraft:cobblestone":3938,"minecraft:feather":8,"minecraft:cooked_beef":5,"minecraft:andesite":390,"minecraft:potato":1,"minecraft:flint":9,"byg:willow_sapling":1,"minecraft:lapis_lazuli":71,"minecraft:dirt":1482,"born_in_chaos_v1:monster_skin":4,"minecraft:bone":78,"minecraft:bow":2,"minecraft:wheat_seeds":150,"minecraft:orange_tulip":1,"byg:blueberries":2,"minecraft:bamboo":45,"minecraft:oak_planks":78,"byg:indigo_jacaranda_bush":1,"minecraft:cooked_porkchop":2,"iceandfire:podium_spruce":2,"minecraft:sand":2,"minecraft:stripped_spruce_log":4,"iceandfire:stymphalian_bird_feather":13,"byg:aspen_log":3,"born_in_chaos_v1:fire_dust":1,"minecraft:diamond":317,"iceandfire:lectern":1,"minecraft:granite":223,"minecraft:spruce_sign":1,"minecraft:emerald":7,"minecraft:jack_o_lantern":1,"minecraft:oak_sapling":4,"iceandfire:silver_nugget":6,"iceandfire:copper_ingot":5,"minecraft:charcoal":2,"minecraft:coarse_dirt":14,"minecraft:crafting_table":7,"byg:soapstone":240,"minecraft:azure_bluet":1,"byg:holly_sapling":2,"minecraft:chicken":3,"born_in_chaos_v1:seedof_chaos":1,"byg:indigo_jacaranda_sapling":2,"byg:tiny_lilypads":20,"iceandfire:sea_serpent_scales_blue":11,"iceandfire:frozen_splinters":1,"minecraft:item_frame":5,"minecraft:white_carpet":4,"iceandfire:bestiary":2,"minecraft:beef":107,"minecraft:oak_boat":21,"born_in_chaos_v1:gnawed_bones":1,"minecraft:poppy":2,"minecraft:light_gray_wool":1,"minecraft:spruce_slab":1,"minecraft:sugar_cane":23,"minecraft:phantom_membrane":2,"minecraft:egg":2,"minecraft:spruce_fence":2,"sophisticatedbackpacks:backpack":1,"born_in_chaos_v1:pieceofdarkmetal":2,"minecraft:carrot":13,"minecraft:redstone":348,"minecraft:tnt":14,"minecraft:arrow":30,"minecraft:stone_shovel":1,"born_in_chaos_v1:diamond_thermite_shard":7,"minecraft:hay_block":1,"minecraft:mutton":55,"byg:rocky_stone":140,"minecraft:white_wool":33,"minecraft:basalt":82,"byg:jacaranda_sapling":6,"iceandfire:sea_serpent_fang":9,"byg:japanese_orchid":1,"minecraft:leather":68,"iceandfire:troll_leather_mountain":2,"minecraft:lily_pad":21,"minecraft:oak_log":80,"minecraft:gunpowder":3,"minecraft:white_banner":1,"minecraft:cooked_mutton":1,"byg:pink_cherry_foliage":1,"byg:scoria_cobblestone":710,"minecraft:apple":1,"minecraft:iron_ingot":13,"minecraft:stone_pickaxe":1,"minecraft:iron_ore":549,"byg:willow_log":2,"byg:jacaranda_log":453,"minecraft:iron_sword":1,"minecraft:dark_oak_stairs":1,"minecraft:book":1,"chiselsandbits:chiseledrock":1,"iceandfire:copper_nugget":3,"byg:mud_ball":4,"minecraft:sweet_berries":4,"aquaculture:piranha":1,"minecraft:gravel":48,"minecraft:white_bed":23,"minecraft:spruce_log":1,"minecraft:gold_ore":278,"minecraft:spider_eye":4,"minecraft:firework_rocket":2,"minecraft:pumpkin_seeds":13,"byg:cherry_log":25,"minecraft:gray_wool":1,"minecraft:baked_potato":5,"minecraft:black_wool":2,"minecraft:dark_oak_wood":1,"minecraft:coal":587,"minecraft:sunflower":6},"minecraft:killed_by":{"minecraft:creeper":1,"iceandfire:ice_dragon":2,"minecraft:vex":1,"born_in_chaos_v1:restless_spirit":3,"minecraft:spider":1,"born_in_chaos_v1:decaying_zombie":1,"iceandfire:gorgon":10,"minecraft:skeleton":2,"born_in_chaos_v1:dread_hound":2},"minecraft:killed":{"aquaculture:piranha":1,"minecraft:spider":8,"iceandfire:stymphalian_bird":2,"born_in_chaos_v1:scarlet_persecutor":1,"minecraft:skeleton":13,"minecraft:chicken":3,"born_in_chaos_v1:skeleton_thrasher":1,"aquaculture:perch":1,"artifacts:mimic":1,"born_in_chaos_v1:bonescaller":1,"minecraft:pig":53,"minecraft:sheep":38,"minecraft:pillager":3,"minecraft:zombie":10,"born_in_chaos_v1:dread_hound":8,"born_in_chaos_v1:diamond_thermite":9,"born_in_chaos_v1:zombieswith_door_n":1,"iceandfire:sea_serpent":1,"minecraft:cow":52,"born_in_chaos_v1:baby_skeleton":3,"born_in_chaos_v1:wither_strider":2,"minecraft:bat":1,"born_in_chaos_v1:decrepit_skeleton":9,"born_in_chaos_v1:zombieswith_door":1,"iceandfire:ghost":3,"born_in_chaos_v1:baby_skkl":5},"minecraft:custom":{"minecraft:animals_bred":2,"minecraft:interact_with_crafting_table":104,"minecraft:open_barrel":9,"minecraft:leave_game":17,"minecraft:time_since_death":125278,"minecraft:sprint_one_cm":1110843,"minecraft:damage_blocked_by_shield":7197,"minecraft:drop":132,"minecraft:talked_to_villager":42,"minecraft:deaths":27,"minecraft:jump":9677,"minecraft:walk_on_water_one_cm":102399,"minecraft:interact_with_furnace":255,"minecraft:play_one_minute":832316,"minecraft:sleep_in_bed":38,"minecraft:damage_dealt":33154,"minecraft:crouch_one_cm":74001,"minecraft:interact_with_smithing_table":5,"minecraft:mob_kills":252,"minecraft:interact_with_campfire":17,"minecraft:damage_dealt_resisted":2286,"minecraft:climb_one_cm":8970,"minecraft:walk_one_cm":1402367,"minecraft:sneak_time":34858,"minecraft:walk_under_water_one_cm":24363,"minecraft:boat_one_cm":683764,"minecraft:interact_with_grindstone":1,"minecraft:time_since_rest":13757,"minecraft:damage_taken":2147483647,"minecraft:trigger_trapped_chest":3,"minecraft:swim_one_cm":114935,"minecraft:fly_one_cm":1894253,"minecraft:open_chest":89,"minecraft:fall_one_cm":251320},"minecraft:mined":{"minecraft:spruce_planks":4,"minecraft:white_bed":22,"byg:yellow_daffodil":1,"byg:cattail":4,"minecraft:obsidian":6,"byg:willow_leaves":2,"minecraft:granite":227,"minecraft:grass_block":643,"iceandfire:lectern":1,"byg:willow_log":2,"minecraft:spawner":1,"minecraft:iron_ore":557,"byg:prairie_grass":4,"minecraft:azure_bluet":1,"minecraft:dark_oak_stairs":1,"byg:indigo_jacaranda_leaves":53,"minecraft:red_tulip":1,"chisel:limestone/raw":4,"iceandfire:gold_pile":3,"minecraft:iron_bars":3,"byg:soapstone_bricks":1,"minecraft:spruce_slab":2,"byg:white_cherry_foliage":1,"minecraft:torch":6,"minecraft:dark_oak_wood":1,"minecraft:poppy":2,"minecraft:cobblestone":33,"byg:pine_leaves":3,"minecraft:oak_planks":20,"minecraft:sugar_cane":13,"minecraft:wall_torch":25,"minecraft:seagrass":1,"byg:jacaranda_leaves":117,"byg:soapstone":179,"minecraft:wheat":69,"minecraft:jukebox":1,"minecraft:orange_tulip":1,"minecraft:grass":265,"byg:indigo_jacaranda_bush":1,"minecraft:oak_log":80,"minecraft:beetroots":1,"byg:blueberry_bush":1,"minecraft:sand":2,"minecraft:dirt":725,"byg:aspen_leaves":3,"byg:pink_cherry_foliage":1,"minecraft:netherrack":1,"minecraft:oak_leaves":18,"minecraft:diamond_ore":317,"iceandfire:silver_ore":22,"byg:water_silk":33,"byg:mud_block":1,"born_in_chaos_v1:infected_diamond_ore":3,"minecraft:allium":2,"minecraft:spruce_fence":2,"byg:jacaranda_log":481,"byg:aspen_log":3,"born_in_chaos_v1:black_argillite":115,"minecraft:spruce_leaves":2,"minecraft:large_fern":1,"minecraft:hay_block":1,"minecraft:redstone_ore":60,"minecraft:furnace":4,"minecraft:carrots":12,"iceandfire:copper_ore":15,"minecraft:andesite":424,"byg:flowering_jacaranda_leaves":29,"minecraft:stripped_spruce_log":3,"minecraft:potatoes":7,"minecraft:vine":2,"minecraft:packed_ice":5,"byg:rocky_stone":114,"minecraft:bamboo":16,"minecraft:stone":4332,"iceandfire:podium_spruce":1,"sophisticatedbackpacks:backpack":1,"byg:reeds":1,"byg:flowering_indigo_jacaranda_leaves":12,"byg:tiny_lilypads":3,"minecraft:basalt":88,"byg:wilted_grass":2,"minecraft:oak_fence":2,"byg:cherry_log":26,"minecraft:crafting_table":6,"minecraft:tall_grass":4,"minecraft:lapis_ore":11,"minecraft:lily_pad":1,"minecraft:diorite":277,"byg:japanese_orchid":2,"minecraft:spruce_stairs":1,"minecraft:coarse_dirt":14,"byg:scoria_stone":718,"minecraft:sweet_berry_bush":2,"minecraft:ice":4,"byg:short_grass":24,"minecraft:grass_path":1,"minecraft:coal_ore":548,"minecraft:sunflower":6,"minecraft:gravel":73,"minecraft:cobweb":8,"minecraft:stone_bricks":1,"minecraft:mossy_stone_bricks":2,"minecraft:gold_ore":225,"minecraft:fern":4},"minecraft:broken":{"minecraft:diamond_helmet":1,"minecraft:stone_pickaxe":1,"minecraft:diamond_boots":1,"minecraft:diamond_pickaxe":3,"minecraft:wooden_axe":1,"minecraft:stone_shovel":1,"minecraft:shield":2,"minecraft:iron_pickaxe":9}},"DataVersion":2586}