{"stats":{"minecraft:used":{"minecraft:firework_rocket":1,"minecraft:birch_planks":1,"minecraft:stone_pickaxe":30,"minecraft:wooden_pickaxe":7,"minecraft:stone_axe":13,"minecraft:dirt":1,"minecraft:cobblestone":2,"minecraft:crafting_table":1},"minecraft:killed":{"minecraft:skeleton":1,"minecraft:zombie":1,"minecraft:creeper":1},"minecraft:picked_up":{"minecraft:birch_log":3,"minecraft:crafting_table":1,"minecraft:andesite":3,"minecraft:birch_planks":1,"minecraft:gunpowder":2,"minecraft:dirt":1,"minecraft:rotten_flesh":2,"minecraft:cobblestone":33},"minecraft:crafted":{"minecraft:crafting_table":1,"minecraft:stick":8,"minecraft:wooden_pickaxe":1,"minecraft:stone_pickaxe":1,"minecraft:birch_planks":12,"minecraft:stone_axe":1},"minecraft:killed_by":{"minecraft:drowned":1},"minecraft:mined":{"minecraft:birch_planks":1,"minecraft:birch_log":3,"minecraft:andesite":3,"minecraft:crafting_table":1,"minecraft:grass_block":1,"minecraft:cobblestone":2,"minecraft:stone":32},"minecraft:custom":{"minecraft:time_since_rest":10460,"minecraft:sprint_one_cm":22877,"minecraft:damage_taken":320,"minecraft:walk_one_cm":18271,"minecraft:mob_kills":3,"minecraft:damage_dealt":612,"minecraft:swim_one_cm":16354,"minecraft:interact_with_crafting_table":3,"minecraft:fly_one_cm":52480,"minecraft:crouch_one_cm":2585,"minecraft:play_one_minute":16542,"minecraft:deaths":1,"minecraft:sneak_time":1041,"minecraft:walk_under_water_one_cm":3342,"minecraft:aviate_one_cm":668045,"minecraft:jump":170,"minecraft:walk_on_water_one_cm":1816,"minecraft:time_since_death":10431,"minecraft:fall_one_cm":4239}},"DataVersion":2586}