{"stats":{"minecraft:crafted":{"minecraft:cooked_beef":8,"minecraft:oak_planks":56,"minecraft:coal":27,"minecraft:diamond_sword":1,"sophisticatedbackpacks:backpack":1,"minecraft:diamond_axe":1,"minecraft:crafting_table":2,"minecraft:spruce_planks":8,"minecraft:wooden_pickaxe":1,"minecraft:stone_axe":1,"minecraft:air":0,"minecraft:diamond_helmet":1,"minecraft:diamond_leggings":1,"minecraft:diamond_pickaxe":1,"minecraft:shield":1,"minecraft:stick":16,"minecraft:iron_pickaxe":1,"minecraft:stone_sword":1,"minecraft:chest":1,"minecraft:ender_eye":1,"minecraft:diamond_chestplate":1},"minecraft:killed":{"born_in_chaos_v1:fallen_chaos_knight":1,"born_in_chaos_v1:restless_spirit":5,"born_in_chaos_v1:baby_skeleton":1,"minecraft:spider":3,"born_in_chaos_v1:decrepit_skeleton":2,"born_in_chaos_v1:zombieswith_door":1,"minecraft:sheep":1,"minecraft:zombie":1,"born_in_chaos_v1:dread_hound":4,"born_in_chaos_v1:zombieswith_door_n":2,"born_in_chaos_v1:firelight_n":1,"minecraft:cow":8},"minecraft:used":{"minecraft:cooked_mutton":1,"minecraft:stone_sword":32,"minecraft:baked_potato":1,"minecraft:oak_planks":35,"minecraft:wooden_pickaxe":62,"minecraft:iron_sword":75,"minecraft:diamond_axe":74,"minecraft:cooked_chicken":1,"minecraft:dirt":19,"minecraft:crafting_table":4,"born_in_chaos_v1:chipped_black_argillite_brick":1,"minecraft:diamond_pickaxe":15,"minecraft:apple":1,"minecraft:iron_pickaxe":16,"minecraft:barrel":1,"minecraft:stone_axe":51,"minecraft:diamond_sword":33,"minecraft:egg":2,"minecraft:cooked_beef":9,"minecraft:coarse_dirt":6},"minecraft:dropped":{"minecraft:iron_sword":1,"minecraft:wheat_seeds":7,"minecraft:white_carpet":4,"minecraft:rotten_flesh":2,"minecraft:pumpkin_seeds":7,"minecraft:leather_helmet":1,"minecraft:item_frame":1,"minecraft:stick":3,"minecraft:leather_chestplate":1,"iceandfire:podium_spruce":1,"iceandfire:bestiary":1,"minecraft:leather_leggings":1,"minecraft:spider_eye":1,"minecraft:phantom_membrane":1,"minecraft:magma_block":3,"minecraft:bucket":1},"minecraft:broken":{"minecraft:wooden_pickaxe":1},"minecraft:picked_up":{"minecraft:crafting_table":2,"minecraft:coarse_dirt":6,"minecraft:leather_chestplate":1,"minecraft:cooked_beef":1,"minecraft:leather_leggings":1,"minecraft:leather":8,"minecraft:enchanted_book":1,"minecraft:oak_log":69,"minecraft:dirt":20,"minecraft:string":5,"minecraft:armor_stand":1,"born_in_chaos_v1:monster_skin":1,"minecraft:cooked_mutton":1,"minecraft:item_frame":1,"minecraft:white_carpet":4,"minecraft:bone":4,"minecraft:apple":1,"iceandfire:bestiary":1,"minecraft:bow":1,"minecraft:wheat_seeds":9,"minecraft:bucket":1,"minecraft:iron_ingot":1,"minecraft:beef":15,"born_in_chaos_v1:chipped_black_argillite_brick":1,"minecraft:cooked_chicken":1,"minecraft:iron_ore":6,"minecraft:spruce_slab":4,"minecraft:coal_block":3,"minecraft:oak_planks":8,"minecraft:iron_sword":1,"minecraft:phantom_membrane":1,"minecraft:egg":6,"minecraft:oak_slab":2,"iceandfire:podium_spruce":1,"minecraft:oak_fence":1,"minecraft:torch":1,"born_in_chaos_v1:ethereal_spirit":3,"minecraft:stripped_spruce_log":2,"iceandfire:rotten_egg":1,"minecraft:carrot":1,"minecraft:barrel":1,"minecraft:spider_eye":1,"minecraft:leather_helmet":1,"minecraft:pumpkin_seeds":7,"minecraft:rotten_flesh":14,"minecraft:diamond":57,"minecraft:diamond_boots":1,"minecraft:baked_potato":1,"minecraft:mutton":2,"minecraft:white_wool":1,"minecraft:cobblestone":28,"minecraft:ender_pearl":1},"minecraft:killed_by":{"minecraft:skeleton":1,"born_in_chaos_v1:seared_spirit":1,"born_in_chaos_v1:dread_hound":2,"born_in_chaos_v1:zombieswith_door_n":1,"minecraft:vex":1},"minecraft:mined":{"minecraft:oak_slab":3,"minecraft:glass_pane":1,"minecraft:oak_fence":1,"minecraft:crafting_table":2,"minecraft:grass_block":9,"byg:flower_patch":1,"minecraft:coal_block":3,"minecraft:tall_grass":2,"born_in_chaos_v1:chipped_black_argillite_brick":1,"minecraft:oak_planks":8,"minecraft:spawner":1,"minecraft:coarse_dirt":6,"minecraft:iron_ore":6,"minecraft:barrel":1,"byg:short_grass":8,"minecraft:stripped_spruce_log":2,"minecraft:azure_bluet":1,"minecraft:grass":57,"byg:indigo_jacaranda_bush":1,"minecraft:oak_log":70,"byg:lolipop_flower":1,"minecraft:dirt":24,"minecraft:stone":26,"iceandfire:podium_spruce":1,"minecraft:spruce_slab":4},"minecraft:custom":{"minecraft:interact_with_furnace":6,"minecraft:mob_kills":30,"minecraft:interact_with_crafting_table":8,"minecraft:open_barrel":16,"minecraft:play_one_minute":61127,"minecraft:damage_dealt_resisted":903,"minecraft:eat_cake_slice":2,"minecraft:leave_game":6,"minecraft:time_since_death":24108,"minecraft:climb_one_cm":1609,"minecraft:time_since_rest":24119,"minecraft:sprint_one_cm":141328,"minecraft:damage_taken":2497,"minecraft:walk_one_cm":146279,"minecraft:drop":28,"minecraft:damage_dealt":5772,"minecraft:swim_one_cm":6634,"minecraft:fly_one_cm":233391,"minecraft:open_chest":14,"minecraft:crouch_one_cm":17935,"minecraft:deaths":6,"minecraft:sneak_time":5593,"minecraft:walk_under_water_one_cm":117,"minecraft:jump":1024,"minecraft:walk_on_water_one_cm":1743,"minecraft:fall_one_cm":24594}},"DataVersion":2586}