{"stats":{"minecraft:crafted":{"minecraft:oak_planks":56,"minecraft:coal":27,"minecraft:diamond_helmet":1,"minecraft:diamond_leggings":1,"minecraft:chest":1,"minecraft:ender_eye":1,"minecraft:cooked_beef":8,"minecraft:diamond_sword":1,"sophisticatedbackpacks:backpack":1,"minecraft:diamond_axe":1,"minecraft:crafting_table":2,"minecraft:spruce_planks":8,"minecraft:wooden_pickaxe":1,"minecraft:stone_axe":1,"minecraft:air":0,"minecraft:diamond_pickaxe":1,"minecraft:shield":1,"minecraft:stick":20,"minecraft:iron_pickaxe":1,"minecraft:stone_sword":1,"minecraft:torch":16,"minecraft:diamond_chestplate":1},"minecraft:used":{"minecraft:stone_sword":32,"minecraft:iron_sword":75,"minecraft:cooked_chicken":1,"minecraft:rotten_flesh":3,"minecraft:torch":1,"minecraft:dirt":19,"minecraft:mutton":2,"minecraft:carrot":1,"born_in_chaos_v1:chipped_black_argillite_brick":1,"minecraft:barrel":1,"minecraft:beef":1,"minecraft:egg":2,"minecraft:cooked_beef":11,"minecraft:cooked_mutton":1,"minecraft:baked_potato":1,"minecraft:oak_planks":35,"minecraft:wooden_pickaxe":62,"byg:cherry_log":15,"minecraft:diamond_axe":229,"minecraft:crafting_table":4,"minecraft:diamond_pickaxe":20,"minecraft:apple":1,"minecraft:iron_pickaxe":16,"minecraft:stone_axe":51,"minecraft:diamond_sword":37,"minecraft:oak_boat":2,"minecraft:coarse_dirt":6},"minecraft:dropped":{"minecraft:iron_sword":1,"minecraft:wheat_seeds":7,"minecraft:leather_helmet":1,"minecraft:item_frame":1,"minecraft:stick":3,"iceandfire:podium_spruce":1,"minecraft:torch":1,"minecraft:phantom_membrane":1,"minecraft:bucket":1,"minecraft:lily_pad":1,"minecraft:stone_sword":1,"minecraft:white_carpet":4,"minecraft:rotten_flesh":11,"minecraft:pumpkin_seeds":7,"iceandfire:shiny_scales":2,"minecraft:leather_chestplate":1,"iceandfire:bestiary":1,"minecraft:leather_leggings":1,"minecraft:spider_eye":1,"minecraft:magma_block":3},"minecraft:picked_up":{"byg:white_cherry_sapling":2,"minecraft:crafting_table":2,"minecraft:coarse_dirt":6,"minecraft:leather_leggings":1,"minecraft:enchanted_book":1,"byg:tiny_lilypads":7,"minecraft:string":5,"minecraft:white_carpet":4,"minecraft:item_frame":1,"minecraft:armor_stand":1,"iceandfire:bestiary":1,"minecraft:bucket":1,"minecraft:beef":15,"minecraft:oak_boat":2,"minecraft:spruce_slab":4,"minecraft:coal_block":3,"minecraft:phantom_membrane":1,"minecraft:egg":6,"minecraft:stick":1,"minecraft:oak_fence":1,"minecraft:torch":2,"minecraft:porkchop":1,"iceandfire:rotten_egg":1,"minecraft:carrot":1,"minecraft:rotten_flesh":14,"minecraft:diamond_boots":1,"minecraft:red_tulip":2,"minecraft:mutton":4,"minecraft:white_wool":2,"minecraft:cobblestone":28,"minecraft:leather_chestplate":1,"minecraft:cooked_beef":32,"minecraft:leather":8,"minecraft:oak_log":69,"minecraft:lily_pad":16,"minecraft:dirt":20,"born_in_chaos_v1:monster_skin":1,"minecraft:cooked_mutton":1,"byg:pink_cherry_foliage":1,"minecraft:bone":4,"minecraft:apple":1,"minecraft:bow":1,"minecraft:wheat_seeds":9,"minecraft:iron_ingot":1,"minecraft:cooked_chicken":1,"born_in_chaos_v1:chipped_black_argillite_brick":1,"minecraft:iron_ore":6,"minecraft:iron_sword":1,"minecraft:oak_planks":8,"minecraft:oak_slab":2,"iceandfire:podium_spruce":1,"byg:pink_cherry_sapling":1,"born_in_chaos_v1:ethereal_spirit":4,"minecraft:stripped_spruce_log":2,"minecraft:barrel":1,"minecraft:spider_eye":1,"minecraft:leather_helmet":1,"minecraft:pumpkin_seeds":7,"minecraft:diamond":57,"byg:cherry_log":106,"minecraft:baked_potato":1,"minecraft:ender_pearl":1},"minecraft:killed_by":{"born_in_chaos_v1:seared_spirit":1,"minecraft:skeleton":1,"born_in_chaos_v1:dread_hound":2,"born_in_chaos_v1:zombieswith_door_n":1,"minecraft:vex":1},"minecraft:killed":{"born_in_chaos_v1:restless_spirit":5,"minecraft:spider":3,"born_in_chaos_v1:scarlet_persecutor":2,"born_in_chaos_v1:fallen_chaos_knight":1,"minecraft:pig":2,"born_in_chaos_v1:baby_skeleton":1,"born_in_chaos_v1:decrepit_skeleton":2,"born_in_chaos_v1:zombieswith_door":1,"minecraft:sheep":2,"minecraft:zombie":1,"born_in_chaos_v1:dread_hound":4,"born_in_chaos_v1:zombieswith_door_n":2,"born_in_chaos_v1:firelight_n":1,"minecraft:cow":8},"minecraft:custom":{"minecraft:mob_kills":34,"minecraft:interact_with_crafting_table":8,"minecraft:open_barrel":16,"minecraft:damage_dealt_resisted":903,"minecraft:eat_cake_slice":2,"minecraft:leave_game":8,"minecraft:time_since_death":52357,"minecraft:climb_one_cm":1732,"minecraft:sprint_one_cm":162489,"minecraft:walk_one_cm":180165,"minecraft:drop":33,"minecraft:deaths":6,"minecraft:sneak_time":8147,"minecraft:walk_under_water_one_cm":3900,"minecraft:boat_one_cm":141989,"minecraft:jump":1369,"minecraft:walk_on_water_one_cm":3093,"minecraft:interact_with_furnace":6,"minecraft:play_one_minute":89376,"minecraft:sleep_in_bed":3,"minecraft:time_since_rest":699,"minecraft:damage_taken":2678,"minecraft:damage_dealt":6216,"minecraft:swim_one_cm":8107,"minecraft:fly_one_cm":296201,"minecraft:open_chest":14,"minecraft:crouch_one_cm":25024,"minecraft:fall_one_cm":33356},"minecraft:mined":{"minecraft:grass_block":9,"byg:pink_cherry_leaves":27,"byg:flower_patch":1,"minecraft:coal_block":3,"minecraft:spawner":1,"minecraft:iron_ore":6,"minecraft:barrel":1,"byg:prairie_grass":5,"minecraft:stripped_spruce_log":2,"minecraft:azure_bluet":1,"minecraft:red_tulip":2,"minecraft:pink_tulip":1,"minecraft:stone":26,"iceandfire:podium_spruce":1,"minecraft:spruce_slab":4,"minecraft:oak_slab":3,"minecraft:glass_pane":1,"byg:cherry_log":115,"minecraft:oak_fence":1,"minecraft:crafting_table":2,"minecraft:tall_grass":2,"born_in_chaos_v1:chipped_black_argillite_brick":1,"minecraft:oak_planks":8,"minecraft:coarse_dirt":6,"byg:short_grass":10,"minecraft:grass":66,"byg:indigo_jacaranda_bush":1,"minecraft:oak_log":70,"byg:lolipop_flower":1,"minecraft:dirt":24,"byg:pink_cherry_foliage":1},"minecraft:broken":{"minecraft:wooden_pickaxe":1}},"DataVersion":2586}