{"stats":{"minecraft:crafted":{"minecraft:oak_planks":76,"minecraft:coal":27,"minecraft:diamond_shovel":1,"minecraft:diamond_helmet":1,"minecraft:diamond_leggings":1,"minecraft:chest":3,"minecraft:ender_eye":3,"sophisticatedbackpacks:iron_backpack":1,"minecraft:cooked_beef":8,"minecraft:diamond_sword":1,"sophisticatedbackpacks:backpack":1,"minecraft:diamond_axe":1,"minecraft:crafting_table":3,"minecraft:spruce_planks":8,"minecraft:wooden_pickaxe":1,"sophisticatedbackpacks:gold_backpack":1,"minecraft:stone_axe":1,"minecraft:air":0,"minecraft:diamond_pickaxe":1,"minecraft:shield":1,"sophisticatedbackpacks:diamond_backpack":1,"minecraft:stick":20,"minecraft:iron_ingot":10,"minecraft:iron_pickaxe":1,"minecraft:stone_sword":1,"minecraft:gold_ingot":17,"minecraft:torch":64,"minecraft:diamond_chestplate":1},"minecraft:used":{"minecraft:stone_sword":32,"minecraft:chest":2,"minecraft:shield":7,"minecraft:iron_sword":75,"minecraft:cooked_chicken":1,"minecraft:rotten_flesh":3,"minecraft:torch":51,"minecraft:dirt":19,"minecraft:mutton":2,"minecraft:carrot":1,"born_in_chaos_v1:chipped_black_argillite_brick":1,"minecraft:barrel":1,"minecraft:beef":1,"minecraft:egg":2,"minecraft:cooked_beef":20,"minecraft:cooked_mutton":1,"minecraft:baked_potato":1,"minecraft:oak_planks":35,"minecraft:wooden_pickaxe":62,"byg:cherry_log":27,"byg:rocky_stone":1,"minecraft:diamond_axe":736,"minecraft:crafting_table":5,"minecraft:white_bed":2,"minecraft:spruce_log":16,"minecraft:diamond_pickaxe":217,"minecraft:apple":1,"minecraft:iron_pickaxe":16,"minecraft:stone_axe":51,"minecraft:diamond_sword":185,"minecraft:oak_boat":2,"minecraft:coarse_dirt":6},"minecraft:dropped":{"minecraft:iron_sword":1,"minecraft:wheat_seeds":13,"born_in_chaos_v1:mesh_door":1,"minecraft:leather_helmet":1,"minecraft:item_frame":1,"minecraft:stick":3,"iceandfire:podium_spruce":1,"minecraft:torch":1,"minecraft:phantom_membrane":1,"byg:pink_cherry_foliage":1,"minecraft:bucket":1,"minecraft:lily_pad":16,"minecraft:stone_sword":1,"minecraft:white_carpet":4,"minecraft:rotten_flesh":25,"minecraft:pumpkin_seeds":7,"iceandfire:shiny_scales":2,"minecraft:leather_chestplate":1,"minecraft:gunpowder":2,"byg:tiny_lilypads":7,"iceandfire:bestiary":1,"minecraft:leather_leggings":1,"minecraft:spider_eye":1,"minecraft:bow":1,"minecraft:magma_block":3},"minecraft:picked_up":{"byg:white_cherry_sapling":2,"minecraft:crafting_table":2,"minecraft:coarse_dirt":6,"iceandfire:copper_ore":4,"minecraft:leather_leggings":1,"minecraft:enchanted_book":1,"byg:tiny_lilypads":7,"born_in_chaos_v1:black_argillite":37,"minecraft:string":7,"born_in_chaos_v1:mesh_door":1,"minecraft:white_carpet":4,"minecraft:item_frame":1,"minecraft:armor_stand":1,"iceandfire:bestiary":1,"minecraft:bucket":1,"minecraft:beef":15,"minecraft:oak_boat":2,"minecraft:spruce_slab":4,"minecraft:coal_block":3,"minecraft:phantom_membrane":1,"minecraft:egg":6,"minecraft:stick":24,"minecraft:oak_fence":1,"minecraft:torch":4,"iceandfire:silver_ore":11,"minecraft:porkchop":1,"iceandfire:rotten_egg":1,"minecraft:carrot":1,"minecraft:arrow":10,"minecraft:rotten_flesh":30,"minecraft:diamond_boots":1,"minecraft:red_tulip":2,"minecraft:mutton":4,"byg:rocky_stone":1,"minecraft:white_wool":2,"minecraft:cobblestone":73,"minecraft:leather_chestplate":1,"minecraft:cooked_beef":32,"minecraft:leather":8,"minecraft:oak_log":74,"minecraft:lily_pad":16,"minecraft:gunpowder":2,"minecraft:lapis_lazuli":83,"minecraft:dirt":41,"born_in_chaos_v1:monster_skin":1,"minecraft:cooked_mutton":1,"byg:scoria_cobblestone":3,"byg:pink_cherry_foliage":1,"minecraft:bone":25,"minecraft:apple":2,"minecraft:bow":2,"minecraft:wheat_seeds":13,"minecraft:iron_ingot":1,"minecraft:cooked_chicken":1,"born_in_chaos_v1:chipped_black_argillite_brick":1,"minecraft:iron_ore":53,"minecraft:iron_sword":1,"minecraft:oak_planks":8,"minecraft:oak_slab":2,"iceandfire:podium_spruce":1,"byg:pink_cherry_sapling":15,"chisel:marble/raw":11,"born_in_chaos_v1:ethereal_spirit":5,"minecraft:stripped_spruce_log":2,"minecraft:spruce_sapling":11,"minecraft:white_bed":2,"minecraft:spruce_log":121,"minecraft:barrel":1,"minecraft:spider_eye":2,"minecraft:leather_helmet":1,"minecraft:pumpkin_seeds":7,"minecraft:diamond":65,"byg:cherry_log":364,"minecraft:baked_potato":1,"minecraft:oak_sapling":2,"minecraft:ender_pearl":3},"minecraft:killed_by":{"born_in_chaos_v1:seared_spirit":1,"minecraft:skeleton":1,"born_in_chaos_v1:dread_hound":2,"born_in_chaos_v1:zombieswith_door_n":1,"minecraft:vex":1},"minecraft:killed":{"born_in_chaos_v1:restless_spirit":6,"minecraft:spider":3,"born_in_chaos_v1:scarlet_persecutor":2,"minecraft:skeleton":9,"born_in_chaos_v1:fallen_chaos_knight":1,"minecraft:pig":2,"minecraft:zombie_villager":2,"born_in_chaos_v1:baby_skeleton":1,"born_in_chaos_v1:wither_strider":1,"born_in_chaos_v1:skeleton_bomb":1,"minecraft:creeper":1,"born_in_chaos_v1:decrepit_skeleton":6,"born_in_chaos_v1:zombieswith_door":2,"minecraft:sheep":2,"minecraft:zombie":9,"born_in_chaos_v1:dread_hound":5,"born_in_chaos_v1:diamond_thermite":1,"born_in_chaos_v1:dark_vortex":1,"born_in_chaos_v1:zombieswith_door_n":2,"born_in_chaos_v1:firelight_n":1,"minecraft:enderman":2,"minecraft:cow":8},"minecraft:custom":{"minecraft:mob_kills":68,"minecraft:interact_with_crafting_table":14,"minecraft:open_barrel":16,"minecraft:damage_dealt_resisted":1427,"minecraft:eat_cake_slice":2,"minecraft:leave_game":8,"minecraft:time_since_death":94357,"minecraft:climb_one_cm":1732,"minecraft:sprint_one_cm":222532,"minecraft:walk_one_cm":307414,"minecraft:drop":42,"minecraft:damage_dealt_absorbed":154,"minecraft:deaths":6,"minecraft:sneak_time":13371,"minecraft:walk_under_water_one_cm":3900,"minecraft:boat_one_cm":141989,"minecraft:jump":2117,"minecraft:walk_on_water_one_cm":3141,"minecraft:interact_with_furnace":18,"minecraft:play_one_minute":131376,"minecraft:sleep_in_bed":5,"minecraft:time_since_rest":1757,"minecraft:damage_taken":3385,"minecraft:damage_dealt":13257,"minecraft:swim_one_cm":8107,"minecraft:fly_one_cm":406773,"minecraft:open_chest":29,"minecraft:crouch_one_cm":42263,"minecraft:fall_one_cm":46223},"minecraft:mined":{"minecraft:diamond_ore":8,"minecraft:white_bed":1,"iceandfire:silver_ore":11,"born_in_chaos_v1:infected_diamond_ore":1,"minecraft:grass_block":10,"born_in_chaos_v1:black_argillite":37,"byg:pink_cherry_leaves":93,"byg:flower_patch":1,"minecraft:coal_block":3,"minecraft:spruce_leaves":46,"minecraft:spawner":1,"iceandfire:copper_ore":4,"minecraft:iron_ore":53,"minecraft:barrel":1,"byg:prairie_grass":5,"minecraft:andesite":1,"chisel:marble/raw":11,"minecraft:stripped_spruce_log":2,"minecraft:azure_bluet":1,"minecraft:red_tulip":2,"byg:rocky_stone":1,"minecraft:pink_tulip":1,"minecraft:stone":67,"iceandfire:podium_spruce":1,"minecraft:spruce_slab":4,"minecraft:oak_slab":3,"minecraft:glass_pane":1,"byg:cherry_log":376,"minecraft:oak_fence":1,"minecraft:crafting_table":2,"minecraft:tall_grass":2,"born_in_chaos_v1:chipped_black_argillite_brick":1,"minecraft:lapis_ore":14,"minecraft:oak_planks":8,"minecraft:coarse_dirt":6,"byg:scoria_stone":20,"minecraft:spruce_log":122,"byg:short_grass":10,"minecraft:grass":77,"byg:indigo_jacaranda_bush":1,"minecraft:oak_log":75,"byg:lolipop_flower":1,"minecraft:dirt":27,"byg:pink_cherry_foliage":1,"minecraft:oak_leaves":1},"minecraft:broken":{"minecraft:wooden_pickaxe":1}},"DataVersion":2586}