{"stats":{"minecraft:used":{"minecraft:stone_axe":12,"minecraft:crafting_table":1,"minecraft:wooden_pickaxe":7},"minecraft:killed":{"minecraft:skeleton":1,"minecraft:zombie":1,"minecraft:creeper":1},"minecraft:picked_up":{"minecraft:birch_log":3,"minecraft:crafting_table":1,"minecraft:rotten_flesh":2,"minecraft:gunpowder":2,"minecraft:cobblestone":7},"minecraft:crafted":{"minecraft:birch_planks":12,"minecraft:stone_axe":1,"minecraft:crafting_table":1,"minecraft:stick":8,"minecraft:wooden_pickaxe":1,"minecraft:stone_pickaxe":1},"minecraft:mined":{"minecraft:birch_log":3,"minecraft:stone":7,"minecraft:crafting_table":1},"minecraft:custom":{"minecraft:time_since_rest":4542,"minecraft:play_one_minute":4542,"minecraft:crouch_one_cm":1013,"minecraft:sprint_one_cm":13731,"minecraft:damage_taken":180,"minecraft:walk_one_cm":11045,"minecraft:sneak_time":330,"minecraft:walk_under_water_one_cm":532,"minecraft:mob_kills":3,"minecraft:jump":91,"minecraft:damage_dealt":597,"minecraft:time_since_death":4542,"minecraft:walk_on_water_one_cm":838,"minecraft:swim_one_cm":6007,"minecraft:interact_with_crafting_table":3,"minecraft:fall_one_cm":1318,"minecraft:fly_one_cm":13747}},"DataVersion":2586}